ROMRHX,ROMRHY,ROMRHZ,ROMRSX,ROMRSY,ROMRSZ,ROMREX,ROMREY,ROMREZ,ROMRWX,ROMRWY,ROMRWZ,ROMLSX,ROMLSY,ROMLSZ,ROMSCX,ROMSCY,ROMSCZ,MovementTime,MaxAccX,OscAccX,MaxAccY,OscAccY,MaxAccZ,OscAccZ,FMAScore
4.60786,1.03561,0.78452,1.5434,1.13215,0.10399,1.55982,1.11055,3.821281,3.821281,3.821281,3.821281,3.821281,3.821281,4.60786,4.60786,4.60786,4.60786,-1.68E+12,3.47216,6547.397079,3.47216,6547.397079,3.47216,6547.397079,25
4.60786,1.03561,0.78452,1.5434,1.13215,0.10399,1.55982,1.11055,3.821281,3.821281,3.821281,3.821281,3.821281,3.821281,4.60786,4.60786,4.60786,4.60786,-1.68E+12,3.47216,6547.397079,3.47216,6547.397079,3.47216,6547.397079,32
4.60786,1.03561,0.78452,1.5434,1.13215,0.10399,1.55982,1.11055,3.821281,3.821281,3.821281,3.821281,3.821281,3.821281,4.60786,4.60786,4.60786,4.60786,-1.68E+12,3.47216,6547.397079,3.47216,6547.397079,3.47216,6547.397079,20
4.60786,1.03561,0.78452,1.5434,1.13215,0.10399,1.55982,1.11055,3.821281,3.821281,3.821281,3.821281,3.821281,3.821281,4.60786,4.60786,4.60786,4.60786,-1.68E+12,3.47216,6547.397079,3.47216,6547.397079,3.47216,6547.397079,35
4.60786,1.03561,0.78452,1.5434,1.13215,0.10399,1.55982,1.11055,3.821281,3.821281,3.821281,3.821281,3.821281,3.821281,4.60786,4.60786,4.60786,4.60786,-1.68E+12,3.47216,6547.397079,3.47216,6547.397079,3.47216,6547.397079,25
4.60786,1.03561,0.78452,1.5434,1.13215,0.10399,1.55982,1.11055,3.821281,3.821281,3.821281,3.821281,3.821281,3.821281,4.60786,4.60786,4.60786,4.60786,-1.68E+12,3.47216,6547.397079,3.47216,6547.397079,3.47216,6547.397079,10
4.60786,1.03561,0.78452,1.5434,1.13215,0.10399,1.55982,1.11055,3.821281,3.821281,3.821281,3.821281,3.821281,3.821281,4.60786,4.60786,4.60786,4.60786,-1.67611E+12,3.47216,6547.397079,3.47216,6547.397079,3.47216,6547.397079,20
